entry_time_cst,exit_time_cst,symbol,direction,entry_price,exit_price,quantity,pnl_usdt,outcome,duration_minutes
2026-05-17 01:42:34 CST,2026-05-17 04:00:03 CST,BASEDUSDT,SHORT,0.07558,0.07503,200.0,0.11,WIN,137.48
2026-05-17 01:42:34 CST,2026-05-17 04:00:03 CST,BASEDUSDT,SHORT,0.07558,0.07504,45.0,0.0243,WIN,137.48
2026-05-21 02:30:06 CST,2026-05-21 04:47:32 CST,BASEDUSDT,SHORT,0.07851,0.07812,354.0,0.1381,WIN,137.43
2026-05-22 00:52:35 CST,2026-05-22 03:10:02 CST,BASEDUSDT,SHORT,0.08121837,0.07988,497.0,0.6652,WIN,137.45
2026-05-22 00:52:35 CST,2026-05-22 03:10:02 CST,BASEDUSDT,SHORT,0.08121837,0.07988,497.0,0.6652,WIN,137.45
2026-05-22 00:52:35 CST,2026-05-22 03:10:02 CST,BASEDUSDT,SHORT,0.08121837,0.07989,200.0,0.2657,WIN,137.45
2026-05-22 00:52:35 CST,2026-05-22 03:10:02 CST,BASEDUSDT,SHORT,0.08121837,0.07989,300.0,0.3985,WIN,137.45
2026-05-22 00:52:35 CST,2026-05-22 03:10:02 CST,BASEDUSDT,SHORT,0.08121837,0.07989,100.0,0.1328,WIN,137.45
2026-05-22 00:52:35 CST,2026-05-22 03:10:02 CST,BASEDUSDT,SHORT,0.08121837,0.07989,107.0,0.1421,WIN,137.45
2026-05-22 00:52:35 CST,2026-05-22 03:10:02 CST,BASEDUSDT,SHORT,0.08121837,0.07989,64.0,0.085,WIN,137.45
2026-05-22 00:52:35 CST,2026-05-22 03:10:02 CST,BASEDUSDT,SHORT,0.08121837,0.0799,153.0,0.2017,WIN,137.45
2026-05-17 04:02:34 CST,2026-05-17 06:20:02 CST,EDGEUSDT,SHORT,1.2546,1.2544,14.0,0.0028,WIN,137.47
2026-05-17 06:22:34 CST,2026-05-17 07:55:02 CST,BEATUSDT,SHORT,0.6568619,0.6705,42.0,-0.5728,LOSS,92.47
2026-05-17 13:52:34 CST,2026-05-17 15:47:32 CST,BEATUSDT,SHORT,0.67968621,0.6811,25.0,-0.0353,LOSS,114.97
2026-05-17 13:52:34 CST,2026-05-17 15:47:32 CST,BEATUSDT,SHORT,0.67968621,0.6812,4.0,-0.0061,LOSS,114.97
2026-05-22 03:15:05 CST,2026-05-22 03:35:50 CST,BEATUSDT,SHORT,0.8618321,0.8979,75.0,-2.7051,LOSS,20.74
2026-05-22 03:15:05 CST,2026-05-22 03:35:50 CST,BEATUSDT,SHORT,0.8618321,0.898,73.0,-2.6403,LOSS,20.74
2026-05-22 03:15:05 CST,2026-05-22 03:35:50 CST,BEATUSDT,SHORT,0.8618321,0.898,113.0,-4.087,LOSS,20.74
2026-05-22 03:15:05 CST,2026-05-22 03:35:50 CST,BEATUSDT,SHORT,0.8618321,0.898,10.0,-0.3617,LOSS,20.74
2026-05-17 07:57:34 CST,2026-05-17 10:15:04 CST,UBUSDT,SHORT,0.14897964,0.14634,117.0,0.3088,WIN,137.49
2026-05-17 07:57:34 CST,2026-05-17 10:15:04 CST,UBUSDT,SHORT,0.14897964,0.14635,35.0,0.092,WIN,137.49
2026-05-17 07:57:34 CST,2026-05-17 10:15:04 CST,UBUSDT,SHORT,0.14897964,0.14636,127.0,0.3327,WIN,137.49
2026-05-17 18:10:05 CST,2026-05-17 19:11:18 CST,UBUSDT,SHORT,0.17149,0.15434,118.0,2.0237,WIN,61.23
2026-05-22 19:00:08 CST,2026-05-22 20:35:02 CST,UBUSDT,SHORT,0.11281386,0.11357,532.0,-0.4023,LOSS,94.91
2026-05-22 19:00:08 CST,2026-05-22 20:35:02 CST,UBUSDT,SHORT,0.11281386,0.11357,186.0,-0.1406,LOSS,94.91
2026-05-17 10:20:05 CST,2026-05-17 11:31:42 CST,MAGMAUSDT,SHORT,0.27132,0.24419,67.0,1.8177,WIN,71.61
2026-05-21 22:32:35 CST,2026-05-22 00:50:02 CST,MAGMAUSDT,LONG,0.24163279,0.2437,151.0,0.3121,WIN,137.44
2026-05-21 22:32:35 CST,2026-05-22 00:50:02 CST,MAGMAUSDT,LONG,0.24163279,0.2437,279.0,0.5768,WIN,137.44
2026-05-17 11:32:34 CST,2026-05-17 13:50:02 CST,RAVEUSDT,SHORT,0.6208,0.5922,31.0,0.8866,WIN,137.47
2026-05-23 19:15:06 CST,2026-05-23 21:32:32 CST,RAVEUSDT,SHORT,0.5877,0.5768,10.0,0.109,WIN,137.43
2026-05-23 19:15:06 CST,2026-05-23 21:32:32 CST,RAVEUSDT,SHORT,0.5877,0.5769,9.0,0.0972,WIN,137.43
2026-05-23 19:15:06 CST,2026-05-23 21:32:32 CST,RAVEUSDT,SHORT,0.5877,0.5769,10.0,0.108,WIN,137.43
2026-05-23 19:15:06 CST,2026-05-23 21:32:32 CST,RAVEUSDT,SHORT,0.5877,0.5769,91.0,0.9828,WIN,137.43
2026-05-23 19:15:06 CST,2026-05-23 21:32:32 CST,RAVEUSDT,SHORT,0.5877,0.5769,104.0,1.1232,WIN,137.43
2026-05-17 15:50:04 CST,2026-05-17 18:07:32 CST,TAGUSDT,SHORT,0.00112595,0.0011069,26639.0,0.5075,WIN,137.46
2026-05-22 15:50:05 CST,2026-05-22 17:22:32 CST,TAGUSDT,SHORT,0.00152,0.0015413,15311.0,-0.3261,LOSS,92.44
2026-05-22 15:50:05 CST,2026-05-22 17:22:32 CST,TAGUSDT,SHORT,0.00152,0.0015413,8438.0,-0.1797,LOSS,92.44
2026-05-17 19:17:34 CST,2026-05-17 21:35:02 CST,IRYSUSDT,SHORT,0.04257,0.03941,489.0,1.5452,WIN,137.47
2026-05-22 20:37:35 CST,2026-05-22 22:55:02 CST,IRYSUSDT,LONG,0.03298166,0.03355,1563.0,0.8883,WIN,137.44
2026-05-22 20:37:35 CST,2026-05-22 22:55:02 CST,IRYSUSDT,LONG,0.03298166,0.03355,164.0,0.0932,WIN,137.44
2026-05-22 20:37:35 CST,2026-05-22 22:55:02 CST,IRYSUSDT,LONG,0.03298166,0.03354,1680.0,0.938,WIN,137.44
2026-05-22 20:37:35 CST,2026-05-22 22:55:02 CST,IRYSUSDT,LONG,0.03298166,0.03354,153.0,0.0854,WIN,137.44
2026-05-22 20:37:35 CST,2026-05-22 22:55:02 CST,IRYSUSDT,LONG,0.03298166,0.03354,139.0,0.0776,WIN,137.44
2026-05-17 21:42:34 CST,2026-05-17 23:15:03 CST,CHIPUSDT,SHORT,0.05166,0.05185,414.0,-0.0787,LOSS,92.48
2026-05-23 00:40:06 CST,2026-05-23 02:57:32 CST,CHIPUSDT,SHORT,0.04868,0.04562,1124.0,3.4394,WIN,137.44
2026-05-17 23:17:34 CST,2026-05-18 01:35:02 CST,AIAUSDT,SHORT,0.06708,0.06283,478.0,2.0315,WIN,137.48
2026-05-18 01:37:34 CST,2026-05-18 03:55:02 CST,APRUSDT,SHORT,0.17119531,0.16612,95.0,0.4822,WIN,137.47
2026-05-18 01:37:34 CST,2026-05-18 03:55:02 CST,APRUSDT,SHORT,0.17119531,0.16612,33.0,0.1675,WIN,137.47
2026-05-18 12:37:34 CST,2026-05-18 14:10:04 CST,APRUSDT,SHORT,0.16515957,0.16756,141.0,-0.3385,LOSS,92.5
2026-05-18 04:00:12 CST,2026-05-18 06:17:32 CST,ORDIUSDT,SHORT,4.102,4.056,5.4,0.2484,WIN,137.32
2026-05-18 06:22:34 CST,2026-05-18 07:55:02 CST,EDUUSDT,SHORT,0.04649,0.04743,481.0,-0.4521,LOSS,92.47
2026-05-19 20:40:05 CST,2026-05-19 22:57:32 CST,EDUUSDT,SHORT,0.04521,0.04476,115.0,0.0517,WIN,137.45
2026-05-19 20:40:05 CST,2026-05-19 22:57:32 CST,EDUUSDT,SHORT,0.04521,0.04476,660.0,0.297,WIN,137.45
2026-05-21 10:25:06 CST,2026-05-21 11:57:32 CST,EDUUSDT,SHORT,0.04582,0.04594,1378.0,-0.1654,LOSS,92.44
2026-05-18 07:57:34 CST,2026-05-18 10:15:02 CST,TRADOORUSDT,SHORT,0.6151,0.5995,50.0,0.78,WIN,137.47
2026-05-18 07:57:34 CST,2026-05-18 10:15:02 CST,TRADOORUSDT,SHORT,0.6151,0.5996,4.0,0.062,WIN,137.47
2026-05-20 19:47:35 CST,2026-05-20 20:58:37 CST,TRADOORUSDT,SHORT,0.60517812,0.6296,64.0,-1.563,LOSS,71.03
2026-05-18 10:17:34 CST,2026-05-18 12:35:02 CST,FIDAUSDT,SHORT,0.02584,0.02458,870.0,1.0962,WIN,137.47
2026-05-19 14:20:05 CST,2026-05-19 16:37:32 CST,FIDAUSDT,SHORT,0.02157,0.02107,2388.0,1.194,WIN,137.45
2026-05-19 19:00:08 CST,2026-05-19 20:37:32 CST,FIDAUSDT,SHORT,0.02156223,0.02162,1083.0,-0.0626,LOSS,97.39
2026-05-20 02:55:06 CST,2026-05-20 05:12:32 CST,FIDAUSDT,SHORT,0.02734,0.02584,1036.0,1.554,WIN,137.43
2026-05-20 02:55:06 CST,2026-05-20 05:12:32 CST,FIDAUSDT,SHORT,0.02734,0.02584,279.0,0.4185,WIN,137.43
2026-05-23 13:30:06 CST,2026-05-23 15:17:32 CST,FIDAUSDT,SHORT,0.03361,0.0336,33.0,0.0003,WIN,107.44
2026-05-23 13:30:06 CST,2026-05-23 15:17:32 CST,FIDAUSDT,SHORT,0.03361,0.0336,448.0,0.0045,WIN,107.44
2026-05-23 13:30:06 CST,2026-05-23 15:17:32 CST,FIDAUSDT,SHORT,0.03361,0.0336,153.0,0.0015,WIN,107.44
2026-05-23 13:30:06 CST,2026-05-23 15:17:32 CST,FIDAUSDT,SHORT,0.03361,0.0336,164.0,0.0016,WIN,107.44
2026-05-23 13:30:06 CST,2026-05-23 15:17:32 CST,FIDAUSDT,SHORT,0.03361,0.0336,250.0,0.0025,WIN,107.44
2026-05-23 13:30:06 CST,2026-05-23 15:17:32 CST,FIDAUSDT,SHORT,0.03361,0.0336,113.0,0.0011,WIN,107.44
2026-05-18 14:12:34 CST,2026-05-18 15:45:02 CST,CLOUSDT,SHORT,0.07014,0.07108,463.0,-0.4352,LOSS,92.47
2026-05-18 14:12:34 CST,2026-05-18 15:45:02 CST,CLOUSDT,SHORT,0.07014,0.07109,36.0,-0.0342,LOSS,92.47
2026-05-21 00:10:06 CST,2026-05-21 02:27:32 CST,CLOUSDT,LONG,0.06175046,0.06424,2147.0,5.345,WIN,137.43
2026-05-21 18:20:05 CST,2026-05-21 19:52:32 CST,CLOUSDT,SHORT,0.06827013,0.06894,450.0,-0.3014,LOSS,92.45
2026-05-18 15:50:05 CST,2026-05-18 17:22:32 CST,QUSDT,SHORT,0.02264329,0.023035,33.0,-0.0129,LOSS,92.45
2026-05-18 15:50:05 CST,2026-05-18 17:22:32 CST,QUSDT,SHORT,0.02264329,0.023035,230.0,-0.0901,LOSS,92.45
2026-05-18 15:50:05 CST,2026-05-18 17:22:32 CST,QUSDT,SHORT,0.02264329,0.023035,395.0,-0.1547,LOSS,92.45
2026-05-18 15:50:05 CST,2026-05-18 17:22:32 CST,QUSDT,SHORT,0.02264329,0.023036,228.0,-0.0895,LOSS,92.45
2026-05-18 15:50:05 CST,2026-05-18 17:22:32 CST,QUSDT,SHORT,0.02264329,0.023036,219.0,-0.086,LOSS,92.45
2026-05-18 15:50:05 CST,2026-05-18 17:22:32 CST,QUSDT,SHORT,0.02264329,0.023037,219.0,-0.0862,LOSS,92.45
2026-05-18 15:50:05 CST,2026-05-18 17:22:32 CST,QUSDT,SHORT,0.02264329,0.023038,219.0,-0.0864,LOSS,92.45
2026-05-18 15:50:05 CST,2026-05-18 17:22:32 CST,QUSDT,SHORT,0.02264329,0.023039,219.0,-0.0867,LOSS,92.45
2026-05-18 15:50:05 CST,2026-05-18 17:22:32 CST,QUSDT,SHORT,0.02264329,0.02304,219.0,-0.0869,LOSS,92.45
2026-05-18 15:50:05 CST,2026-05-18 17:22:32 CST,QUSDT,SHORT,0.02264329,0.023041,219.0,-0.0871,LOSS,92.45
2026-05-18 15:50:05 CST,2026-05-18 17:22:32 CST,QUSDT,SHORT,0.02264329,0.023042,118.0,-0.047,LOSS,92.45
2026-05-18 17:25:04 CST,2026-05-18 19:42:32 CST,GWEIUSDT,LONG,0.14062386,0.14173,262.0,0.2898,WIN,137.46
2026-05-18 17:25:04 CST,2026-05-18 19:42:32 CST,GWEIUSDT,LONG,0.14062386,0.14172,39.0,0.0427,WIN,137.46
2026-05-18 17:25:04 CST,2026-05-18 19:42:32 CST,GWEIUSDT,LONG,0.14062386,0.14171,259.0,0.2813,WIN,137.46
2026-05-23 03:00:14 CST,2026-05-23 05:17:32 CST,GWEIUSDT,SHORT,0.1166,0.11515,312.0,0.4524,WIN,137.3
2026-05-18 19:45:04 CST,2026-05-18 22:02:32 CST,KERNELUSDT,SHORT,0.06303267,0.06258,82.0,0.0371,WIN,137.47
2026-05-18 19:45:04 CST,2026-05-18 22:02:32 CST,KERNELUSDT,SHORT,0.06303267,0.06259,82.0,0.0363,WIN,137.47
2026-05-18 19:45:04 CST,2026-05-18 22:02:32 CST,KERNELUSDT,SHORT,0.06303267,0.06259,84.0,0.0372,WIN,137.47
2026-05-18 19:45:04 CST,2026-05-18 22:02:32 CST,KERNELUSDT,SHORT,0.06303267,0.0626,84.0,0.0363,WIN,137.47
2026-05-18 19:45:04 CST,2026-05-18 22:02:32 CST,KERNELUSDT,SHORT,0.06303267,0.0626,84.0,0.0363,WIN,137.47
2026-05-18 19:45:04 CST,2026-05-18 22:02:32 CST,KERNELUSDT,SHORT,0.06303267,0.0626,296.0,0.1281,WIN,137.47
2026-05-18 19:45:04 CST,2026-05-18 22:02:32 CST,KERNELUSDT,SHORT,0.06303267,0.0626,82.0,0.0355,WIN,137.47
2026-05-18 19:45:04 CST,2026-05-18 22:02:32 CST,KERNELUSDT,SHORT,0.06303267,0.0626,84.0,0.0363,WIN,137.47
2026-05-18 19:45:04 CST,2026-05-18 22:02:32 CST,KERNELUSDT,SHORT,0.06303267,0.0626,82.0,0.0355,WIN,137.47
2026-05-18 19:45:04 CST,2026-05-18 22:02:32 CST,KERNELUSDT,SHORT,0.06303267,0.0626,912.0,0.3946,WIN,137.47
2026-05-19 10:45:04 CST,2026-05-19 12:40:02 CST,KERNELUSDT,SHORT,0.06589,0.0666,12.0,-0.0085,LOSS,114.97
2026-05-19 10:45:04 CST,2026-05-19 12:40:02 CST,KERNELUSDT,SHORT,0.06589,0.0666,79.0,-0.0561,LOSS,114.97
2026-05-19 10:45:04 CST,2026-05-19 12:40:02 CST,KERNELUSDT,SHORT,0.06589,0.06661,77.0,-0.0554,LOSS,114.97
2026-05-19 10:45:04 CST,2026-05-19 12:40:02 CST,KERNELUSDT,SHORT,0.06589,0.06662,77.0,-0.0562,LOSS,114.97
2026-05-19 10:45:04 CST,2026-05-19 12:40:02 CST,KERNELUSDT,SHORT,0.06589,0.06662,77.0,-0.0562,LOSS,114.97
2026-05-19 10:45:04 CST,2026-05-19 12:40:02 CST,KERNELUSDT,SHORT,0.06589,0.06663,25.0,-0.0185,LOSS,114.97
2026-05-21 04:50:07 CST,2026-05-21 07:07:32 CST,KERNELUSDT,SHORT,0.06739,0.06494,79.0,0.1935,WIN,137.41
2026-05-21 04:50:07 CST,2026-05-21 07:07:32 CST,KERNELUSDT,SHORT,0.06739,0.06495,338.0,0.8247,WIN,137.41
2026-05-19 12:42:35 CST,2026-05-19 14:15:02 CST,SIRENUSDT,SHORT,0.5308,0.5371,25.0,-0.1575,LOSS,92.45
2026-05-19 12:42:35 CST,2026-05-19 14:15:02 CST,SIRENUSDT,SHORT,0.5308,0.5372,32.0,-0.2048,LOSS,92.45
2026-05-19 12:42:35 CST,2026-05-19 14:15:02 CST,SIRENUSDT,SHORT,0.5308,0.5372,7.0,-0.0448,LOSS,92.45
2026-05-20 01:20:05 CST,2026-05-20 02:52:32 CST,SIRENUSDT,SHORT,0.5291,0.5413,10.0,-0.122,LOSS,92.44
2026-05-20 01:20:05 CST,2026-05-20 02:52:32 CST,SIRENUSDT,SHORT,0.5291,0.5413,17.0,-0.2074,LOSS,92.44
2026-05-20 01:20:05 CST,2026-05-20 02:52:32 CST,SIRENUSDT,SHORT,0.5291,0.5414,18.0,-0.2214,LOSS,92.44
2026-05-21 15:57:35 CST,2026-05-21 18:15:02 CST,SIRENUSDT,SHORT,0.51516377,0.5063,100.0,0.8864,WIN,137.46
2026-05-21 15:57:35 CST,2026-05-21 18:15:02 CST,SIRENUSDT,SHORT,0.51516377,0.5064,230.0,2.0157,WIN,137.46
2026-05-21 15:57:35 CST,2026-05-21 18:15:02 CST,SIRENUSDT,SHORT,0.51516377,0.5064,84.0,0.7362,WIN,137.46
2026-05-23 16:55:05 CST,2026-05-23 19:12:32 CST,SIRENUSDT,SHORT,0.5235,0.5226,112.0,0.1008,WIN,137.45
2026-05-23 16:55:05 CST,2026-05-23 19:12:32 CST,SIRENUSDT,SHORT,0.5235,0.5227,10.0,0.008,WIN,137.45
2026-05-23 16:55:05 CST,2026-05-23 19:12:32 CST,SIRENUSDT,SHORT,0.5235,0.5228,45.0,0.0315,WIN,137.45
2026-05-19 16:40:05 CST,2026-05-19 18:57:32 CST,MOVRUSDT,SHORT,2.237,2.206,10.42,0.323,WIN,137.45
2026-05-19 23:00:09 CST,2026-05-20 01:17:32 CST,INXUSDT,SHORT,0.010244,0.010125,2297.0,0.2733,WIN,137.39
2026-05-21 12:00:10 CST,2026-05-21 13:32:32 CST,INXUSDT,SHORT,0.010588,0.010613,3000.0,-0.075,LOSS,92.37
2026-05-21 12:00:10 CST,2026-05-21 13:32:32 CST,INXUSDT,SHORT,0.010588,0.010614,5968.0,-0.1552,LOSS,92.37
2026-05-22 17:25:05 CST,2026-05-22 18:57:32 CST,INXUSDT,SHORT,0.01014566,0.010161,2788.0,-0.0428,LOSS,92.45
2026-05-22 17:25:05 CST,2026-05-22 18:57:32 CST,INXUSDT,SHORT,0.01014566,0.010162,2542.0,-0.0415,LOSS,92.45
2026-05-23 09:20:05 CST,2026-05-23 10:52:32 CST,INXUSDT,SHORT,0.01000561,0.010117,118.0,-0.0131,LOSS,92.44
2026-05-23 09:20:05 CST,2026-05-23 10:52:32 CST,INXUSDT,SHORT,0.01000561,0.010117,5486.0,-0.6111,LOSS,92.44
2026-05-20 05:15:05 CST,2026-05-20 06:55:02 CST,GENIUSUSDT,SHORT,0.4379,0.4379,49.0,0.0,BREAKEVEN,99.95
2026-05-20 05:15:05 CST,2026-05-20 06:55:02 CST,GENIUSUSDT,SHORT,0.4379,0.438,7.0,-0.0007,LOSS,99.95
2026-05-22 07:25:05 CST,2026-05-22 07:55:11 CST,GENIUSUSDT,SHORT,0.6361,0.5725,77.0,4.8972,WIN,30.09
2026-05-20 07:00:07 CST,2026-05-20 09:17:32 CST,ONUSDT,SHORT,0.12937562,0.12807,288.0,0.376,WIN,137.42
2026-05-20 15:52:35 CST,2026-05-20 18:10:02 CST,ONUSDT,SHORT,0.12971,0.12826,49.0,0.0711,WIN,137.45
2026-05-20 15:52:35 CST,2026-05-20 18:10:02 CST,ONUSDT,SHORT,0.12971,0.12826,155.0,0.2248,WIN,137.45
2026-05-20 09:20:05 CST,2026-05-20 10:52:32 CST,BIOUSDT,SHORT,0.03566,0.03643,708.0,-0.5452,LOSS,92.44
2026-05-20 11:12:35 CST,2026-05-20 13:30:02 CST,BIOUSDT,SHORT,0.03649,0.03542,56.0,0.0599,WIN,137.45
2026-05-20 11:12:35 CST,2026-05-20 13:30:02 CST,BIOUSDT,SHORT,0.03649,0.03542,283.0,0.3028,WIN,137.45
2026-05-20 11:12:35 CST,2026-05-20 13:30:02 CST,BIOUSDT,SHORT,0.03649,0.03542,699.0,0.7479,WIN,137.45
2026-05-22 05:57:36 CST,2026-05-22 07:23:41 CST,BIOUSDT,SHORT,0.03541,0.0369,734.0,-1.0937,LOSS,86.08
2026-05-22 05:57:36 CST,2026-05-22 07:23:41 CST,BIOUSDT,SHORT,0.03541,0.0369,189.0,-0.2816,LOSS,86.08
2026-05-20 13:32:35 CST,2026-05-20 15:50:02 CST,RIVERUSDT,SHORT,6.274,6.199,3.4,0.255,WIN,137.45
2026-05-20 13:32:35 CST,2026-05-20 15:50:02 CST,RIVERUSDT,SHORT,6.274,6.199,0.7,0.0525,WIN,137.45
2026-05-20 13:32:35 CST,2026-05-22 11:52:32 CST,RIVERUSDT,SHORT,6.847,6.851,5.2,-0.0208,LOSS,2779.95
2026-05-20 18:12:35 CST,2026-05-20 19:45:06 CST,BASUSDT,SHORT,0.02012108,0.020383,1302.0,-0.341,LOSS,92.51
2026-05-20 21:00:11 CST,2026-05-20 22:32:32 CST,PIPPINUSDT,SHORT,0.02376,0.02425,2484.0,-1.2172,LOSS,92.35
2026-05-22 11:55:05 CST,2026-05-22 13:27:32 CST,PIPPINUSDT,SHORT,0.02452,0.02473,179.0,-0.0376,LOSS,92.44
2026-05-22 11:55:05 CST,2026-05-22 13:27:32 CST,PIPPINUSDT,SHORT,0.02452,0.02473,2008.0,-0.4217,LOSS,92.44
2026-05-20 22:35:05 CST,2026-05-21 00:07:32 CST,SPKUSDT,SHORT,0.02883,0.02884,2784.0,-0.0278,LOSS,92.44
2026-05-20 22:35:05 CST,2026-05-21 00:07:32 CST,SPKUSDT,SHORT,0.02883,0.02884,183.0,-0.0018,LOSS,92.44
2026-05-20 22:35:05 CST,2026-05-21 00:07:32 CST,SPKUSDT,SHORT,0.02883,0.02884,101.0,-0.001,LOSS,92.44
2026-05-21 07:10:06 CST,2026-05-21 08:03:32 CST,MEGAUSDT,SHORT,0.08769,0.09118,320.0,-1.1168,LOSS,53.43
2026-05-21 08:05:06 CST,2026-05-21 10:22:32 CST,CUSDT,SHORT,0.08989122,0.08942,467.0,0.2201,WIN,137.43
2026-05-22 03:37:35 CST,2026-05-22 05:55:02 CST,CUSDT,SHORT,0.09297724,0.08784,1116.0,5.7332,WIN,137.45
2026-05-22 03:37:35 CST,2026-05-22 05:55:02 CST,CUSDT,SHORT,0.09297724,0.08784,176.0,0.9042,WIN,137.45
2026-05-22 03:37:35 CST,2026-05-22 05:55:02 CST,CUSDT,SHORT,0.09297724,0.08785,292.0,1.4972,WIN,137.45
2026-05-22 03:37:35 CST,2026-05-22 05:55:02 CST,CUSDT,SHORT,0.09297724,0.08786,58.0,0.2968,WIN,137.45
2026-05-22 03:37:35 CST,2026-05-22 05:55:02 CST,CUSDT,SHORT,0.09297724,0.08787,58.0,0.2962,WIN,137.45
2026-05-22 03:37:35 CST,2026-05-22 05:55:02 CST,CUSDT,SHORT,0.09297724,0.08787,437.0,2.2319,WIN,137.45
2026-05-22 03:37:35 CST,2026-05-22 05:55:02 CST,CUSDT,SHORT,0.09297724,0.08787,59.0,0.3013,WIN,137.45
2026-05-22 03:37:35 CST,2026-05-22 05:55:02 CST,CUSDT,SHORT,0.09297724,0.08788,58.0,0.2956,WIN,137.45
2026-05-22 03:37:35 CST,2026-05-22 05:55:02 CST,CUSDT,SHORT,0.09297724,0.08789,437.0,2.2231,WIN,137.45
2026-05-22 03:37:35 CST,2026-05-22 05:55:02 CST,CUSDT,SHORT,0.09297724,0.08789,58.0,0.2951,WIN,137.45
2026-05-22 03:37:35 CST,2026-05-22 05:55:02 CST,CUSDT,SHORT,0.09297724,0.08789,9.0,0.0458,WIN,137.45
2026-05-23 15:20:05 CST,2026-05-23 16:52:32 CST,CUSDT,SHORT,0.08753,0.08925,611.0,-1.0509,LOSS,92.45
2026-05-23 15:20:05 CST,2026-05-23 16:52:32 CST,CUSDT,SHORT,0.08753,0.08925,57.0,-0.098,LOSS,92.45
2026-05-23 21:37:35 CST,2026-05-23 23:10:02 CST,CUSDT,SHORT,0.09214,0.09231,55.0,-0.0094,LOSS,92.45
2026-05-23 21:37:35 CST,2026-05-23 23:10:02 CST,CUSDT,SHORT,0.09214,0.09232,92.0,-0.0166,LOSS,92.45
2026-05-23 21:37:35 CST,2026-05-23 23:10:02 CST,CUSDT,SHORT,0.09214,0.09232,158.0,-0.0284,LOSS,92.45
2026-05-23 21:37:35 CST,2026-05-23 23:10:02 CST,CUSDT,SHORT,0.09214,0.09232,55.0,-0.0099,LOSS,92.45
2026-05-23 21:37:35 CST,2026-05-23 23:10:02 CST,CUSDT,SHORT,0.09214,0.09232,76.0,-0.0137,LOSS,92.45
2026-05-21 13:35:05 CST,2026-05-21 15:52:32 CST,STOUSDT,SHORT,0.07274991,0.07226,1091.0,0.5345,WIN,137.44
2026-05-21 13:35:05 CST,2026-05-21 15:52:32 CST,STOUSDT,SHORT,0.07274991,0.07226,71.0,0.0348,WIN,137.44
2026-05-21 13:35:05 CST,2026-05-21 15:52:32 CST,STOUSDT,SHORT,0.07274991,0.07227,791.0,0.3796,WIN,137.44
2026-05-23 05:20:06 CST,2026-05-23 07:37:32 CST,STOUSDT,SHORT,0.06637,0.0659,558.0,0.2623,WIN,137.44
2026-05-21 20:27:35 CST,2026-05-21 22:00:02 CST,COLLECTUSDT,SHORT,0.05337,0.05368,537.0,-0.1665,LOSS,92.45
2026-05-21 20:27:35 CST,2026-05-21 22:00:02 CST,COLLECTUSDT,SHORT,0.05337,0.05369,96.0,-0.0307,LOSS,92.45
2026-05-21 20:27:35 CST,2026-05-21 22:00:02 CST,COLLECTUSDT,SHORT,0.05337,0.05369,103.0,-0.033,LOSS,92.45
2026-05-21 20:27:35 CST,2026-05-21 22:00:02 CST,COLLECTUSDT,SHORT,0.05337,0.05369,103.0,-0.033,LOSS,92.45
2026-05-21 20:27:35 CST,2026-05-21 22:00:02 CST,COLLECTUSDT,SHORT,0.05337,0.0537,26.0,-0.0086,LOSS,92.45
2026-05-21 22:02:35 CST,2026-05-21 22:31:12 CST,PLAYUSDT,SHORT,0.09546808,0.09962,590.0,-2.4496,LOSS,28.61
2026-05-21 22:02:35 CST,2026-05-21 22:31:12 CST,PLAYUSDT,SHORT,0.09546808,0.09962,134.0,-0.5564,LOSS,28.61
2026-05-22 07:57:35 CST,2026-05-22 10:15:02 CST,NEIROUSDT,SHORT,0.00010207,9.846e-05,240513.0,0.8683,WIN,137.45
2026-05-22 07:57:35 CST,2026-05-22 10:15:02 CST,NEIROUSDT,SHORT,0.00010207,9.846e-05,105288.0,0.3801,WIN,137.45
2026-05-22 13:30:05 CST,2026-05-22 15:47:32 CST,BRUSDT,SHORT,0.12736044,0.12386,189.0,0.6616,WIN,137.44
2026-05-22 13:30:05 CST,2026-05-22 15:47:32 CST,BRUSDT,SHORT,0.12736044,0.12387,442.0,1.5428,WIN,137.44
2026-05-22 23:02:35 CST,2026-05-23 00:35:02 CST,BANKUSDT,SHORT,0.03977,0.04004,512.0,-0.1382,LOSS,92.45
2026-05-22 23:02:35 CST,2026-05-23 00:35:02 CST,BANKUSDT,SHORT,0.03977,0.04004,404.0,-0.1091,LOSS,92.45
2026-05-23 07:40:06 CST,2026-05-23 09:12:32 CST,LYNUSDT,SHORT,0.04473,0.0449,836.0,-0.1421,LOSS,92.44
2026-05-23 10:55:06 CST,2026-05-23 11:04:03 CST,NOMUSDT,SHORT,0.002303,0.002377,7000.0,-0.518,LOSS,8.94
2026-05-23 10:55:06 CST,2026-05-23 11:04:03 CST,NOMUSDT,SHORT,0.002303,0.002378,7000.0,-0.525,LOSS,8.94
2026-05-23 10:55:06 CST,2026-05-23 11:04:03 CST,NOMUSDT,SHORT,0.002303,0.002378,7000.0,-0.525,LOSS,8.94
2026-05-23 10:55:06 CST,2026-05-23 11:04:03 CST,NOMUSDT,SHORT,0.002303,0.002378,15623.0,-1.1717,LOSS,8.94
2026-05-23 11:10:06 CST,2026-05-23 13:27:32 CST,BANUSDT,LONG,0.09288,0.09609,1257.0,4.035,WIN,137.43
2026-05-23 11:10:06 CST,2026-05-23 13:27:32 CST,BANUSDT,LONG,0.09288,0.09609,99.0,0.3178,WIN,137.43
